{
  "baseline_dir": "/data/group_data/rl/geney/eval_results/psf_v2_cadence5_think_predonly_top2M/freezenone_50ep",
  "baseline": {
    "n": 43,
    "total_steps": 30525,
    "mean_steps": 709.8837209302326,
    "action_freq": {
      "NOOP": 0.021654381654381653,
      "LEFT": 0.0876003276003276,
      "RIGHT": 0.0857002457002457,
      "UP": 0.09113841113841113,
      "DOWN": 0.07914823914823915,
      "DO": 0.20727272727272728,
      "SLEEP": 0.012776412776412777,
      "PLACE_STONE": 0.014774774774774775,
      "PLACE_TABLE": 0.012153972153972153,
      "PLACE_FURNACE": 0.012153972153972153,
      "PLACE_PLANT": 0.010450450450450451,
      "MAKE_WOOD_PICKAXE": 0.009762489762489763,
      "MAKE_STONE_PICKAXE": 0.013398853398853399,
      "MAKE_IRON_PICKAXE": 0.01009009009009009,
      "MAKE_WOOD_SWORD": 0.013595413595413596,
      "MAKE_STONE_SWORD": 0.01366093366093366,
      "MAKE_IRON_SWORD": 0.010319410319410319,
      "REST": 0.0034398034398034397,
      "DESCEND": 0.014905814905814906,
      "ASCEND": 0.018345618345618344,
      "MAKE_DIAMOND_PICKAXE": 0.008615888615888617,
      "MAKE_DIAMOND_SWORD": 0.013497133497133497,
      "MAKE_IRON_ARMOUR": 0.012088452088452089,
      "MAKE_DIAMOND_ARMOUR": 0.008943488943488943,
      "SHOOT_ARROW": 0.014774774774774775,
      "MAKE_ARROW": 0.009303849303849305,
      "CAST_FIREBALL": 0.010122850122850123,
      "CAST_ICEBALL": 0.009762489762489763,
      "PLACE_TORCH": 0.011662571662571663,
      "DRINK_POTION_RED": 0.011302211302211302,
      "DRINK_POTION_GREEN": 0.009598689598689598,
      "DRINK_POTION_BLUE": 0.009598689598689598,
      "DRINK_POTION_PINK": 0.011302211302211302,
      "DRINK_POTION_CYAN": 0.009991809991809993,
      "DRINK_POTION_YELLOW": 0.009926289926289926,
      "READ_BOOK": 0.01090909090909091,
      "ENCHANT_SWORD": 0.010810810810810811,
      "ENCHANT_ARMOUR": 0.008484848484848486,
      "MAKE_TORCH": 0.013824733824733825,
      "LEVEL_UP_DEX": 0.011302211302211302,
      "LEVEL_UP_STR": 0.01628173628173628,
      "LEVEL_UP_INT": 0.014742014742014743,
      "ENCHANT_BOW": 0.010810810810810811
    },
    "move_fraction": 0.3435872235872236,
    "left_frac_of_moves": 0.2549580472921434,
    "right_frac_of_moves": 0.2494279176201373,
    "up_frac_of_moves": 0.265255530129672,
    "down_frac_of_moves": 0.2303585049580473,
    "do_rate": 0.20727272727272728,
    "sleep_rate": 0.012776412776412777,
    "descend_rate": 0.014905814905814906,
    "ascend_rate": 0.018345618345618344,
    "place_stone_rate": 0.014774774774774775
  },
  "rows": [
    {
      "label": "B direction_left",
      "dir": "/data/group_data/rl/geney/eval_results/psf_v2_cadence5_think_predonly_top2M_steer_v2/direction_left_v2_50ep",
      "stats": {
        "n": 10,
        "total_steps": 4282,
        "mean_steps": 428.2,
        "action_freq": {
          "NOOP": 0.02125175151798225,
          "LEFT": 0.10485754320411023,
          "RIGHT": 0.10555815039701075,
          "UP": 0.10439047174217655,
          "DOWN": 0.08267164876226063,
          "DO": 0.28304530593180754,
          "SLEEP": 0.007940214852872489,
          "PLACE_STONE": 0.014712751050910789,
          "PLACE_TABLE": 0.013311536665109761,
          "PLACE_FURNACE": 0.010275572162540868,
          "PLACE_PLANT": 0.009341429238673517,
          "MAKE_WOOD_PICKAXE": 0.007239607659971976,
          "MAKE_STONE_PICKAXE": 0.006539000467071462,
          "MAKE_IRON_PICKAXE": 0.005137786081270434,
          "MAKE_WOOD_SWORD": 0.004670714619336758,
          "MAKE_STONE_SWORD": 0.007473143390938813,
          "MAKE_IRON_SWORD": 0.003035964502568893,
          "REST": 0.003035964502568893,
          "DESCEND": 0.02475478748248482,
          "ASCEND": 0.024287716020551145,
          "MAKE_DIAMOND_PICKAXE": 0.005838393274170948,
          "MAKE_DIAMOND_SWORD": 0.006071929005137786,
          "MAKE_IRON_ARMOUR": 0.0067725361980383,
          "MAKE_DIAMOND_ARMOUR": 0.004904250350303597,
          "SHOOT_ARROW": 0.008173750583839328,
          "MAKE_ARROW": 0.006305464736104624,
          "CAST_FIREBALL": 0.002568893040635217,
          "CAST_ICEBALL": 0.006071929005137786,
          "PLACE_TORCH": 0.010509107893507707,
          "DRINK_POTION_RED": 0.0037365716954694066,
          "DRINK_POTION_GREEN": 0.009341429238673517,
          "DRINK_POTION_BLUE": 0.0028024287716020553,
          "DRINK_POTION_PINK": 0.004437178888369921,
          "DRINK_POTION_CYAN": 0.005838393274170948,
          "DRINK_POTION_YELLOW": 0.006071929005137786,
          "READ_BOOK": 0.005838393274170948,
          "ENCHANT_SWORD": 0.007239607659971976,
          "ENCHANT_ARMOUR": 0.005137786081270434,
          "MAKE_TORCH": 0.016347501167678656,
          "LEVEL_UP_DEX": 0.006305464736104624,
          "LEVEL_UP_STR": 0.011209715086408221,
          "LEVEL_UP_INT": 0.00910789350770668,
          "ENCHANT_BOW": 0.005838393274170948
        },
        "move_fraction": 0.39747781410555816,
        "left_frac_of_moves": 0.26380728554641597,
        "right_frac_of_moves": 0.26556991774383076,
        "up_frac_of_moves": 0.2626321974148061,
        "down_frac_of_moves": 0.20799059929494712,
        "do_rate": 0.28304530593180754,
        "sleep_rate": 0.007940214852872489,
        "descend_rate": 0.02475478748248482,
        "ascend_rate": 0.024287716020551145,
        "place_stone_rate": 0.014712751050910789
      },
      "deltas": {
        "move_fraction": 0.05389059051833456,
        "left_frac_of_moves": 0.008849238254272584,
        "right_frac_of_moves": 0.016142000123693462,
        "up_frac_of_moves": -0.0026233327148659225,
        "down_frac_of_moves": -0.02236790566310018,
        "do_rate": 0.07577257865908027,
        "sleep_rate": -0.004836197923540288,
        "descend_rate": 0.009848972576669914,
        "ascend_rate": 0.005942097674932801,
        "place_stone_rate": -6.20237238639857e-05
      }
    },
    {
      "label": "B direction_right",
      "dir": "/data/group_data/rl/geney/eval_results/psf_v2_cadence5_think_predonly_top2M_steer_v2/direction_right_v2_50ep",
      "stats": {
        "n": 11,
        "total_steps": 5522,
        "mean_steps": 502.0,
        "action_freq": {
          "NOOP": 0.011771097428467946,
          "LEFT": 0.09597971749366171,
          "RIGHT": 0.10702643969576241,
          "UP": 0.09688518652662079,
          "DOWN": 0.08420862006519376,
          "DO": 0.25588554871423397,
          "SLEEP": 0.013400941687794278,
          "PLACE_STONE": 0.0099601593625498,
          "PLACE_TABLE": 0.015211879753712423,
          "PLACE_FURNACE": 0.013038754074610649,
          "PLACE_PLANT": 0.012676566461427018,
          "MAKE_WOOD_PICKAXE": 0.011046722202100689,
          "MAKE_STONE_PICKAXE": 0.011590003621876132,
          "MAKE_IRON_PICKAXE": 0.007787033683448026,
          "MAKE_WOOD_SWORD": 0.007787033683448026,
          "MAKE_STONE_SWORD": 0.009235784136182543,
          "MAKE_IRON_SWORD": 0.011227816008692503,
          "REST": 0.0034407823252444766,
          "DESCEND": 0.009597971749366172,
          "ASCEND": 0.004346251358203549,
          "MAKE_DIAMOND_PICKAXE": 0.006700470843897139,
          "MAKE_DIAMOND_SWORD": 0.010503440782325244,
          "MAKE_IRON_ARMOUR": 0.00833031510322347,
          "MAKE_DIAMOND_ARMOUR": 0.004527345164795364,
          "SHOOT_ARROW": 0.007062658457080768,
          "MAKE_ARROW": 0.006881564650488953,
          "CAST_FIREBALL": 0.0050706265845708075,
          "CAST_ICEBALL": 0.007787033683448026,
          "PLACE_TORCH": 0.011771097428467946,
          "DRINK_POTION_RED": 0.006881564650488953,
          "DRINK_POTION_GREEN": 0.007424846070264397,
          "DRINK_POTION_BLUE": 0.008511408909815284,
          "DRINK_POTION_PINK": 0.007424846070264397,
          "DRINK_POTION_CYAN": 0.007424846070264397,
          "DRINK_POTION_YELLOW": 0.0099601593625498,
          "READ_BOOK": 0.009416877942774357,
          "ENCHANT_SWORD": 0.010684534588917058,
          "ENCHANT_ARMOUR": 0.004527345164795364,