{
  "baseline_dir": "/data/group_data/rl/geney/eval_results/psf_v2_cadence5_grounded_predonly_top2M/freezenone_50ep",
  "baseline": {
    "n": 50,
    "total_steps": 31440,
    "mean_steps": 628.8,
    "action_freq": {
      "NOOP": 0.053180661577608146,
      "LEFT": 0.11561704834605598,
      "RIGHT": 0.12674936386768448,
      "UP": 0.13311068702290077,
      "DOWN": 0.1138676844783715,
      "DO": 0.19856870229007634,
      "SLEEP": 0.0064885496183206106,
      "PLACE_STONE": 0.011259541984732824,
      "PLACE_TABLE": 0.010687022900763359,
      "PLACE_FURNACE": 0.006520356234096692,
      "PLACE_PLANT": 0.0052162849872773535,
      "MAKE_WOOD_PICKAXE": 0.006965648854961832,
      "MAKE_STONE_PICKAXE": 0.009478371501272264,
      "MAKE_IRON_PICKAXE": 0.007220101781170484,
      "MAKE_WOOD_SWORD": 0.007760814249363868,
      "MAKE_STONE_SWORD": 0.005947837150127227,
      "MAKE_IRON_SWORD": 0.007633587786259542,
      "REST": 0.003212468193384224,
      "DESCEND": 0.007283715012722646,
      "ASCEND": 0.004580152671755725,
      "MAKE_DIAMOND_PICKAXE": 0.003975826972010178,
      "MAKE_DIAMOND_SWORD": 0.006393129770992366,
      "MAKE_IRON_ARMOUR": 0.00893765903307888,
      "MAKE_DIAMOND_ARMOUR": 0.0052162849872773535,
      "SHOOT_ARROW": 0.013040712468193385,
      "MAKE_ARROW": 0.008842239185750635,
      "CAST_FIREBALL": 0.004357506361323155,
      "CAST_ICEBALL": 0.004739185750636132,
      "PLACE_TORCH": 0.008174300254452926,
      "DRINK_POTION_RED": 0.007951653944020356,
      "DRINK_POTION_GREEN": 0.00626590330788804,
      "DRINK_POTION_BLUE": 0.005756997455470738,
      "DRINK_POTION_PINK": 0.007061068702290076,
      "DRINK_POTION_CYAN": 0.005693384223918575,
      "DRINK_POTION_YELLOW": 0.00823791348600509,
      "READ_BOOK": 0.0057251908396946565,
      "ENCHANT_SWORD": 0.004580152671755725,
      "ENCHANT_ARMOUR": 0.004993638676844784,
      "MAKE_TORCH": 0.008142493638676845,
      "LEVEL_UP_DEX": 0.007888040712468193,
      "LEVEL_UP_STR": 0.011068702290076336,
      "LEVEL_UP_INT": 0.0066157760814249365,
      "ENCHANT_BOW": 0.004993638676844784
    },
    "move_fraction": 0.4893447837150127,
    "left_frac_of_moves": 0.23626909327266818,
    "right_frac_of_moves": 0.25901852453688656,
    "up_frac_of_moves": 0.2720181995450114,
    "down_frac_of_moves": 0.23269418264543387,
    "do_rate": 0.19856870229007634,
    "sleep_rate": 0.0064885496183206106,
    "descend_rate": 0.007283715012722646,
    "ascend_rate": 0.004580152671755725,
    "place_stone_rate": 0.011259541984732824
  },
  "rows": [
    {
      "label": "C direction_left",
      "dir": "/data/group_data/rl/geney/eval_results/psf_v2_cadence5_grounded_predonly_top2M_steer_v2/direction_left_v2_50ep",
      "stats": {
        "n": 35,
        "total_steps": 15856,
        "mean_steps": 453.0285714285714,
        "action_freq": {
          "NOOP": 0.04566094853683148,
          "LEFT": 0.15779515640766903,
          "RIGHT": 0.12209889001009082,
          "UP": 0.09838546922300706,
          "DOWN": 0.09188950554994954,
          "DO": 0.36194500504540866,
          "SLEEP": 0.013685671039354188,
          "PLACE_STONE": 0.009018668012108981,
          "PLACE_TABLE": 0.004477800201816347,
          "PLACE_FURNACE": 0.0010721493440968718,
          "PLACE_PLANT": 0.002270433905146317,
          "MAKE_WOOD_PICKAXE": 0.004919273461150353,
          "MAKE_STONE_PICKAXE": 0.008577194752774974,
          "MAKE_IRON_PICKAXE": 0.0027749747729566097,
          "MAKE_WOOD_SWORD": 0.0011352169525731585,
          "MAKE_STONE_SWORD": 0.0035317860746720484,
          "MAKE_IRON_SWORD": 0.002838042381432896,
          "REST": 0.0020812310797174573,
          "DESCEND": 0.004351664984863774,
          "ASCEND": 0.0036579212916246218,
          "MAKE_DIAMOND_PICKAXE": 0.0020181634712411706,
          "MAKE_DIAMOND_SWORD": 0.001639757820383451,
          "MAKE_IRON_ARMOUR": 0.0023335015136226036,
          "MAKE_DIAMOND_ARMOUR": 0.0022073662966700302,
          "SHOOT_ARROW": 0.0025857719475277496,
          "MAKE_ARROW": 0.0037840565085771947,
          "CAST_FIREBALL": 0.0008829465186680121,
          "CAST_ICEBALL": 0.001198284561049445,
          "PLACE_TORCH": 0.0035317860746720484,
          "DRINK_POTION_RED": 0.001639757820383451,
          "DRINK_POTION_GREEN": 0.0038471241170534814,
          "DRINK_POTION_BLUE": 0.0012613521695257316,
          "DRINK_POTION_PINK": 0.00239656912209889,
          "DRINK_POTION_CYAN": 0.0025227043390514633,
          "DRINK_POTION_YELLOW": 0.0022073662966700302,
          "READ_BOOK": 0.0017028254288597377,
          "ENCHANT_SWORD": 0.0013244197780020181,
          "ENCHANT_ARMOUR": 0.0014505549949545913,
          "MAKE_TORCH": 0.010090817356205853,
          "LEVEL_UP_DEX": 0.0024596367305751766,
          "LEVEL_UP_STR": 0.0017028254288597377,
          "LEVEL_UP_INT": 0.0025857719475277496,
          "ENCHANT_BOW": 0.0024596367305751766
        },
        "move_fraction": 0.47016902119071646,
        "left_frac_of_moves": 0.3356136820925553,
        "right_frac_of_moves": 0.25969148222669347,
        "up_frac_of_moves": 0.20925553319919518,
        "down_frac_of_moves": 0.195439302481556,
        "do_rate": 0.36194500504540866,
        "sleep_rate": 0.013685671039354188,
        "descend_rate": 0.004351664984863774,
        "ascend_rate": 0.0036579212916246218,
        "place_stone_rate": 0.009018668012108981
      },
      "deltas": {
        "move_fraction": -0.019175762524296258,
        "left_frac_of_moves": 0.09934458881988714,
        "right_frac_of_moves": 0.0006729576898069078,
        "up_frac_of_moves": -0.0627626663458162,
        "down_frac_of_moves": -0.037254880163877874,
        "do_rate": 0.16337630275533233,
        "sleep_rate": 0.007197121421033578,
        "descend_rate": -0.0029320500278588726,
        "ascend_rate": -0.0009222313801311036,
        "place_stone_rate": -0.0022408739726238434
      }
    },
    {
      "label": "C target_descend",
      "dir": "/data/group_data/rl/geney/eval_results/psf_v2_cadence5_grounded_predonly_top2M_steer_v2/target_descend_v2_50ep",
      "stats": {
        "n": 41,
        "total_steps": 22036,
        "mean_steps": 537.4634146341464,
        "action_freq": {
          "NOOP": 0.04088763840987475,
          "LEFT": 0.09734071519332002,
          "RIGHT": 0.11004719549827555,
          "UP": 0.10069885641677255,
          "DOWN": 0.09030677073879106,
          "DO": 0.22349791250680703,
          "SLEEP": 0.007623888182973317,
          "PLACE_STONE": 0.011163550553639498,
          "PLACE_TABLE": 0.010346705391178072,
          "PLACE_FURNACE": 0.007442367035759666,
          "PLACE_PLANT": 0.00821383191141768,
          "MAKE_WOOD_PICKAXE": 0.009121437647485933,
          "MAKE_STONE_PICKAXE": 0.015066255218732982,
          "MAKE_IRON_PICKAXE": 0.00871301506625522,
          "MAKE_WOOD_SWORD": 0.006444000726084589,
          "MAKE_STONE_SWORD": 0.01293338173897259,
          "MAKE_IRON_SWORD": 0.00975676166273371,
          "REST": 0.002359774913777455,
          "DESCEND": 0.010528226538391723,
          "ASCEND": 0.010346705391178072,
          "MAKE_DIAMOND_PICKAXE": 0.007124705028135778,
          "MAKE_DIAMOND_SWORD": 0.009302958794699582,
          "MAKE_IRON_ARMOUR": 0.012025776002904338,
          "MAKE_DIAMOND_ARMOUR": 0.008259212198221092,
          "SHOOT_ARROW": 0.013931748048647668,
          "MAKE_ARROW": 0.011798874568887275,
          "CAST_FIREBALL": 0.007578507896169904,
          "CAST_ICEBALL": 0.006625521873298239,
          "PLACE_TORCH": 0.008803775639862043,
          "DRINK_POTION_RED": 0.010982029406425849,
          "DRINK_POTION_GREEN": 0.00839535305863133,
          "DRINK_POTION_BLUE": 0.006444000726084589,
          "DRINK_POTION_PINK": 0.007306226175349428,
          "DRINK_POTION_CYAN": 0.009166817934289345,
          "DRINK_POTION_YELLOW": 0.0072608458885460156,
          "READ_BOOK": 0.007941550190597205,