{
  "baseline_dir": "/data/group_data/rl/geney/eval_results/psf_v2_cadence5_grounded_predonly_top2M/freezenone_50ep",
  "baseline": {
    "n": 50,
    "total_steps": 31440,
    "mean_steps": 628.8,
    "action_freq": {
      "NOOP": 0.053180661577608146,
      "LEFT": 0.11561704834605598,
      "RIGHT": 0.12674936386768448,
      "UP": 0.13311068702290077,
      "DOWN": 0.1138676844783715,
      "DO": 0.19856870229007634,
      "SLEEP": 0.0064885496183206106,
      "PLACE_STONE": 0.011259541984732824,
      "PLACE_TABLE": 0.010687022900763359,
      "PLACE_FURNACE": 0.006520356234096692,
      "PLACE_PLANT": 0.0052162849872773535,
      "MAKE_WOOD_PICKAXE": 0.006965648854961832,
      "MAKE_STONE_PICKAXE": 0.009478371501272264,
      "MAKE_IRON_PICKAXE": 0.007220101781170484,
      "MAKE_WOOD_SWORD": 0.007760814249363868,
      "MAKE_STONE_SWORD": 0.005947837150127227,
      "MAKE_IRON_SWORD": 0.007633587786259542,
      "REST": 0.003212468193384224,
      "DESCEND": 0.007283715012722646,
      "ASCEND": 0.004580152671755725,
      "MAKE_DIAMOND_PICKAXE": 0.003975826972010178,
      "MAKE_DIAMOND_SWORD": 0.006393129770992366,
      "MAKE_IRON_ARMOUR": 0.00893765903307888,
      "MAKE_DIAMOND_ARMOUR": 0.0052162849872773535,
      "SHOOT_ARROW": 0.013040712468193385,
      "MAKE_ARROW": 0.008842239185750635,
      "CAST_FIREBALL": 0.004357506361323155,
      "CAST_ICEBALL": 0.004739185750636132,
      "PLACE_TORCH": 0.008174300254452926,
      "DRINK_POTION_RED": 0.007951653944020356,
      "DRINK_POTION_GREEN": 0.00626590330788804,
      "DRINK_POTION_BLUE": 0.005756997455470738,
      "DRINK_POTION_PINK": 0.007061068702290076,
      "DRINK_POTION_CYAN": 0.005693384223918575,
      "DRINK_POTION_YELLOW": 0.00823791348600509,
      "READ_BOOK": 0.0057251908396946565,
      "ENCHANT_SWORD": 0.004580152671755725,
      "ENCHANT_ARMOUR": 0.004993638676844784,
      "MAKE_TORCH": 0.008142493638676845,
      "LEVEL_UP_DEX": 0.007888040712468193,
      "LEVEL_UP_STR": 0.011068702290076336,
      "LEVEL_UP_INT": 0.0066157760814249365,
      "ENCHANT_BOW": 0.004993638676844784
    },
    "move_fraction": 0.4893447837150127,
    "left_frac_of_moves": 0.23626909327266818,
    "right_frac_of_moves": 0.25901852453688656,
    "up_frac_of_moves": 0.2720181995450114,
    "down_frac_of_moves": 0.23269418264543387,
    "do_rate": 0.19856870229007634,
    "sleep_rate": 0.0064885496183206106,
    "descend_rate": 0.007283715012722646,
    "ascend_rate": 0.004580152671755725,
    "place_stone_rate": 0.011259541984732824
  },
  "rows": [
    {
      "label": "C target_collect_stone",
      "dir": "/data/group_data/rl/geney/eval_results/psf_v2_cadence5_grounded_predonly_top2M_steer_v2/target_collect_stone_v2_50ep",
      "stats": {
        "n": 29,
        "total_steps": 13828,
        "mean_steps": 476.82758620689657,
        "action_freq": {
          "NOOP": 0.01952560023141452,
          "LEFT": 0.08909459068556552,
          "RIGHT": 0.0981342204223315,
          "UP": 0.10175007231703789,
          "DOWN": 0.0903239803297657,
          "DO": 0.23553659242117442,
          "SLEEP": 0.009401214926236622,
          "PLACE_STONE": 0.025889499566097773,
          "PLACE_TABLE": 0.010341336418860283,
          "PLACE_FURNACE": 0.009835117153601388,
          "PLACE_PLANT": 0.008244142319930576,
          "MAKE_WOOD_PICKAXE": 0.010269019380966155,
          "MAKE_STONE_PICKAXE": 0.024804743997685855,
          "MAKE_IRON_PICKAXE": 0.008605727509401214,
          "MAKE_WOOD_SWORD": 0.007231703789412786,
          "MAKE_STONE_SWORD": 0.009184263812554237,
          "MAKE_IRON_SWORD": 0.007882557130459936,
          "REST": 0.0018079259473531965,
          "DESCEND": 0.01656060167775528,
          "ASCEND": 0.013306334972519526,
          "MAKE_DIAMOND_PICKAXE": 0.00846109343361296,
          "MAKE_DIAMOND_SWORD": 0.008244142319930576,
          "MAKE_IRON_ARMOUR": 0.010702921608330923,
          "MAKE_DIAMOND_ARMOUR": 0.007376337865201041,
          "SHOOT_ARROW": 0.00911194677466011,
          "MAKE_ARROW": 0.007448654903095169,
          "CAST_FIREBALL": 0.007014752675730402,
          "CAST_ICEBALL": 0.0069424356378362745,
          "PLACE_TORCH": 0.009401214926236622,
          "DRINK_POTION_RED": 0.008678044547295342,
          "DRINK_POTION_GREEN": 0.009039629736765982,
          "DRINK_POTION_BLUE": 0.008533410471507087,
          "DRINK_POTION_PINK": 0.0101243853051779,
          "DRINK_POTION_CYAN": 0.006725484524153891,
          "DRINK_POTION_YELLOW": 0.009401214926236622,
          "READ_BOOK": 0.010919872722013306,
          "ENCHANT_SWORD": 0.007593288978883425,
          "ENCHANT_ARMOUR": 0.0057130459936361,
          "MAKE_TORCH": 0.008533410471507087,
          "LEVEL_UP_DEX": 0.01077523864622505,
          "LEVEL_UP_STR": 0.01178767717674284,
          "LEVEL_UP_INT": 0.01113682383569569,
          "ENCHANT_BOW": 0.008605727509401214
        },
        "move_fraction": 0.3793028637547006,
        "left_frac_of_moves": 0.23489037178265015,
        "right_frac_of_moves": 0.2587225929456625,
        "up_frac_of_moves": 0.26825548141086747,
        "down_frac_of_moves": 0.23813155386081983,
        "do_rate": 0.23553659242117442,
        "sleep_rate": 0.009401214926236622,
        "descend_rate": 0.01656060167775528,
        "ascend_rate": 0.013306334972519526,
        "place_stone_rate": 0.025889499566097773
      },
      "deltas": {
        "move_fraction": -0.1100419199603121,
        "left_frac_of_moves": -0.0013787214900180256,
        "right_frac_of_moves": -0.0002959315912240412,
        "up_frac_of_moves": -0.0037627181341439164,
        "down_frac_of_moves": 0.0054373712153859555,
        "do_rate": 0.03696789013109808,
        "sleep_rate": 0.0029126653079160113,
        "descend_rate": 0.009276886665032635,
        "ascend_rate": 0.008726182300763802,
        "place_stone_rate": 0.014629957581364948
      }
    },
    {
      "label": "C target_descend",
      "dir": "/data/group_data/rl/geney/eval_results/psf_v2_cadence5_grounded_predonly_top2M_steer_v2/target_descend_v2_50ep",
      "stats": {
        "n": 21,
        "total_steps": 12589,
        "mean_steps": 599.4761904761905,
        "action_freq": {
          "NOOP": 0.04297402494241004,
          "LEFT": 0.09921359917388196,
          "RIGHT": 0.10954007466836127,
          "UP": 0.10239097624910637,
          "DOWN": 0.09015807450949241,
          "DO": 0.1864325998887918,
          "SLEEP": 0.009611565652553817,
          "PLACE_STONE": 0.012232901739613949,
          "PLACE_TABLE": 0.011359123043927237,
          "PLACE_FURNACE": 0.008420049249344665,
          "PLACE_PLANT": 0.008340614822464057,
          "MAKE_WOOD_PICKAXE": 0.010167606640718087,
          "MAKE_STONE_PICKAXE": 0.014615934546032251,
          "MAKE_IRON_PICKAXE": 0.009214393518150767,
          "MAKE_WOOD_SWORD": 0.0068313607117324645,
          "MAKE_STONE_SWORD": 0.013662721423464929,
          "MAKE_IRON_SWORD": 0.010564778775121138,
          "REST": 0.002780204940821352,
          "DESCEND": 0.012391770593375168,
          "ASCEND": 0.009849868933195647,
          "MAKE_DIAMOND_PICKAXE": 0.007864008261180395,
          "MAKE_DIAMOND_SWORD": 0.010405909921359917,
          "MAKE_IRON_ARMOUR": 0.01318611486218127,
          "MAKE_DIAMOND_ARMOUR": 0.009214393518150767,
          "SHOOT_ARROW": 0.01533084438795774,
          "MAKE_ARROW": 0.01413932798474859,
          "CAST_FIREBALL": 0.007387401699896735,
          "CAST_ICEBALL": 0.007784573834299786,
          "PLACE_TORCH": 0.009452696798792596,
          "DRINK_POTION_RED": 0.012391770593375168,
          "DRINK_POTION_GREEN": 0.008976090237508937,
          "DRINK_POTION_BLUE": 0.007069663992374295,
          "DRINK_POTION_PINK": 0.008420049249344665,
          "DRINK_POTION_CYAN": 0.010564778775121138,
          "DRINK_POTION_YELLOW": 0.008737786956867106,
          "READ_BOOK": 0.008578918103105886,
          "ENCHANT_SWORD": 0.0068313607117324645,