{
  "c": {
    "label": "C_grounded_freezenone",
    "n": 50,
    "return_mean": 14.659999988377095,
    "return_se": 0.8286502426901563,
    "length_mean": 628.8,
    "length_median": 404.5,
    "floor_pct": {
      "0": 100.0
    },
    "n_reached_f1": 0,
    "first_f1_step_median": null,
    "action_pct": {
      "NOOP": 5.318066157760814,
      "LEFT": 11.561704834605598,
      "RIGHT": 12.674936386768449,
      "UP": 13.311068702290077,
      "DOWN": 11.38676844783715,
      "DO": 19.856870229007633,
      "SLEEP": 0.648854961832061,
      "PLACE_STONE": 1.1259541984732824,
      "PLACE_TABLE": 1.0687022900763359,
      "PLACE_FURNACE": 0.6520356234096693,
      "PLACE_PLANT": 0.5216284987277353,
      "MAKE_WOOD_PICKAXE": 0.6965648854961832,
      "MAKE_STONE_PICKAXE": 0.9478371501272265,
      "MAKE_IRON_PICKAXE": 0.7220101781170484,
      "MAKE_WOOD_SWORD": 0.7760814249363868,
      "MAKE_STONE_SWORD": 0.5947837150127226,
      "MAKE_IRON_SWORD": 0.7633587786259541,
      "REST": 0.3212468193384224,
      "DESCEND": 0.7283715012722647,
      "ASCEND": 0.45801526717557256,
      "MAKE_DIAMOND_PICKAXE": 0.3975826972010178,
      "MAKE_DIAMOND_SWORD": 0.6393129770992366,
      "MAKE_IRON_ARMOUR": 0.8937659033078881,
      "MAKE_DIAMOND_ARMOUR": 0.5216284987277353,
      "SHOOT_ARROW": 1.3040712468193385,
      "MAKE_ARROW": 0.8842239185750635,
      "CAST_FIREBALL": 0.4357506361323155,
      "CAST_ICEBALL": 0.47391857506361323,
      "PLACE_TORCH": 0.8174300254452926,
      "DRINK_POTION_RED": 0.7951653944020356,
      "DRINK_POTION_GREEN": 0.626590330788804,
      "DRINK_POTION_BLUE": 0.5756997455470738,
      "DRINK_POTION_PINK": 0.7061068702290076,
      "DRINK_POTION_CYAN": 0.5693384223918575,
      "DRINK_POTION_YELLOW": 0.823791348600509,
      "READ_BOOK": 0.5725190839694656,
      "ENCHANT_SWORD": 0.45801526717557256,
      "ENCHANT_ARMOUR": 0.49936386768447844,
      "MAKE_TORCH": 0.8142493638676844,
      "LEVEL_UP_DEX": 0.7888040712468193,
      "LEVEL_UP_STR": 1.1068702290076335,
      "LEVEL_UP_INT": 0.6615776081424937,
      "ENCHANT_BOW": 0.49936386768447844
    },
    "drink_le2_frac_mean": 0.14299096519896776,
    "drink_le0_frac_mean": 0.06796405112292027,
    "food_le2_frac_mean": 0.15026724852916884,
    "energy_le2_frac_mean": 0.06518461910986899,
    "ach_rate": {
      "collect_coal": 72.0,
      "collect_drink": 82.0,
      "collect_sapling": 38.0,
      "collect_stone": 94.0,
      "collect_wood": 100.0,
      "defeat_zombie": 72.0,
      "eat_cow": 86.0,
      "make_wood_pickaxe": 94.0,
      "make_wood_sword": 88.0,
      "place_plant": 28.000000000000004,
      "place_table": 96.0,
      "collect_iron": 50.0,
      "defeat_skeleton": 74.0,
      "make_arrow": 72.0,
      "make_stone_pickaxe": 76.0,
      "make_stone_sword": 70.0,
      "make_torch": 57.99999999999999,
      "place_furnace": 62.0,
      "place_stone": 68.0,
      "place_torch": 52.0,
      "wake_up": 52.0,
      "collect_sapphire": 2.0,
      "enter_dungeon": 12.0,
      "find_bow": 2.0,
      "open_chest": 2.0,
      "defeat_orc_mage": 2.0,
      "eat_snail": 4.0
    },
    "ach_first_step_median": {
      "collect_coal": 425.5,
      "collect_drink": 445.0,
      "collect_sapling": 379.0,
      "collect_stone": 407.0,
      "collect_wood": 403.5,
      "defeat_zombie": 459.0,
      "eat_cow": 436.0,
      "make_wood_pickaxe": 407.0,
      "make_wood_sword": 425.5,
      "place_plant": 399.5,
      "place_table": 406.5,
      "collect_iron": 574.0,
      "defeat_skeleton": 510.0,
      "make_arrow": 503.0,
      "make_stone_pickaxe": 440.5,
      "make_stone_sword": 496.0,
      "make_torch": 557.0,
      "place_furnace": 511.0,
      "place_stone": 510.5,
      "place_torch": 631.5,
      "wake_up": 631.5,
      "enter_dungeon": 621.0
    }
  },
  "ppo": {
    "label": "PPO-RNN_1e8",
    "n": 50,
    "return_mean": 26.119999984502794,
    "return_se": 1.3517909506724086,
    "length_mean": 317.88,
    "length_median": 314.5,
    "floor_pct": {
      "0": 99.67643051771117,
      "1": 0.32356948228882837
    },
    "n_reached_f1": 1,
    "first_f1_step_median": 119.0,
    "action_pct": {
      "NOOP": 0.4341260853152133,
      "LEFT": 12.551906379765947,
      "RIGHT": 13.753617717377628,
      "UP": 13.860576318107462,
      "DOWN": 12.923115641122438,
      "DO": 22.505347930036493,
      "SLEEP": 0.8116270290675727,
      "PLACE_STONE": 2.403422675223355,
      "PLACE_TABLE": 1.4407952686548382,
      "PLACE_FURNACE": 0.7109601107336102,
      "PLACE_PLANT": 0.8053353466716999,
      "MAKE_WOOD_PICKAXE": 0.6795016987542469,
      "MAKE_STONE_PICKAXE": 0.7046684283377376,
      "MAKE_IRON_PICKAXE": 0.3712092613564867,
      "MAKE_WOOD_SWORD": 0.45929281489870394,
      "MAKE_STONE_SWORD": 0.622876557191393,
      "MAKE_IRON_SWORD": 0.4278344029193406,
      "REST": 0.20762551906379767,
      "DESCEND": 0.5347930036491758,
      "ASCEND": 0.3460425317729961,
      "MAKE_DIAMOND_PICKAXE": 0.3712092613564867,
      "MAKE_DIAMOND_SWORD": 0.3460425317729961,
      "MAKE_IRON_ARMOUR": 0.46558449729457657,
      "MAKE_DIAMOND_ARMOUR": 0.44670945010695856,
      "SHOOT_ARROW": 1.20800302000755,
      "MAKE_ARROW": 0.8997105826097899,
      "CAST_FIREBALL": 0.3334591669812508,
      "CAST_ICEBALL": 0.47816786208632184,
      "PLACE_TORCH": 1.51629545740531,
      "DRINK_POTION_RED": 0.5977098276079024,
      "DRINK_POTION_GREEN": 0.8179187114634454,
      "DRINK_POTION_BLUE": 0.7487102051088461,
      "DRINK_POTION_PINK": 0.7424185227129734,
      "DRINK_POTION_CYAN": 1.0003775009437523,
      "DRINK_POTION_YELLOW": 0.7675852522964641,
      "READ_BOOK": 0.4089593557317227,
      "ENCHANT_SWORD": 0.23908393104316092,
      "ENCHANT_ARMOUR": 0.36491757896061405,
      "MAKE_TORCH": 0.5788347804202845,
      "LEVEL_UP_DEX": 0.25166729583490627,
      "LEVEL_UP_STR": 0.23908393104316092,
      "LEVEL_UP_INT": 0.3145841197936328,
      "ENCHANT_BOW": 0.30829243739776013
    },
    "drink_le2_frac_mean": 0.16002852123364664,
    "drink_le0_frac_mean": 0.08986415873885084,
    "food_le2_frac_mean": 0.20633097751427903,
    "energy_le2_frac_mean": 0.1350641359470289,
    "ach_rate": {
      "collect_coal": 82.0,
      "collect_drink": 80.0,
      "collect_sapling": 100.0,
      "collect_stone": 94.0,
      "collect_wood": 100.0,
      "drink_potion": 32.0,
      "eat_cow": 70.0,
      "enter_dungeon": 56.00000000000001,
      "find_bow": 52.0,
      "fire_bow": 40.0,
      "make_arrow": 84.0,
      "make_stone_pickaxe": 90.0,
      "make_stone_sword": 82.0,
      "make_torch": 86.0,
      "make_wood_pickaxe": 96.0,
      "make_wood_sword": 94.0,
      "open_chest": 52.0,
      "place_furnace": 90.0,
      "place_plant": 98.0,
      "place_stone": 94.0,
      "place_table": 100.0,
      "collect_diamond": 6.0,
      "collect_iron": 64.0,
      "defeat_orc_solider": 26.0,
      "eat_snail": 40.0,
      "place_torch": 84.0,
      "wake_up": 28.000000000000004,
      "collect_ruby": 4.0,
      "defeat_zombie": 54.0,
      "make_iron_sword": 24.0,
      "collect_sapphire": 2.0,
      "defeat_orc_mage": 8.0,
      "make_iron_pickaxe": 26.0,
      "defeat_skeleton": 40.0
    },
    "ach_first_step_median": {
      "collect_coal": 315.0,
      "collect_drink": 317.0,
      "collect_sapling": 313.5,
      "collect_stone": 314.0,
      "collect_wood": 313.5,
      "drink_potion": 313.5,
      "eat_cow": 347.0,
      "enter_dungeon": 272.0,
      "find_bow": 287.0,
      "fire_bow": 313.5,
      "make_arrow": 317.0,
      "make_stone_pickaxe": 314.0,
      "make_stone_sword": 315.0,
      "make_torch": 313.0,
      "make_wood_pickaxe": 313.5,
      "make_wood_sword": 314.0,
      "open_chest": 287.0,
      "place_furnace": 315.0,
      "place_plant": 314.0,
      "place_stone": 314.0,
      "place_table": 313.5,
      "collect_diamond": 314.0,
      "collect_iron": 350.0,
      "defeat_orc_solider": 260.0,
      "eat_snail": 314.5,
      "place_torch": 313.5,